albaugh,albaugh
amway,amway
avanovoag,avanovoag
bancasempione,bancasempione
bancazarattini,bancazarattini
bankmedsuisse,bankmedsuisse
bankvonroll,bankvonroll
banquecommplac,banquecommplac
banqueprogest,banqueprogest
bbgi,bbgi
bnpparibas,bnpparibas
boardintl,boardintl
bordiercie,bordiercie
bsibank,bsibank
capital,capital
cbh,cbh
cembra,cembra
colombogestpatr,colombogestpatr
commissiondejurist,commissiondejurist
davidoff,davidoff
deutschebankch,deutschebankch
deutschebankch2,deutschebankch2
endresshauser,endresshauser
euro26,euro26
evatec,evatec
geraldmetal,geraldmetal
goldenyears,goldenyears
gonetbank,gonetbank
gonetcie,gonetcie
gsbanque,gsbanque
gutzwillercie,gutzwillercie
httpdtm,httpdtm
hvalentistefano,hvalentistefano
hyposwiss,hyposwiss
ifrc,ifrc
iisd,iisd
ispsecurities,ispsecurities
itistiftung,itistiftung
knechtreisen,knechtreisen
lombardodier,lombardodier
marquardmedia,marquardmedia
mchmesseschweiz,mchmesseschweiz
medacta,medacta
mercedes,mercedes
mirabaud,mirabaud
novagraaf,novagraaf
paulieragentedevalores,paulieragentedevalores
pauliercasadevalores,pauliercasadevalores
pauliercorredoresdebolsa,pauliercorredoresdebolsa
piguetgalland,piguetgalland
pkb,pkb
pkbpanama,pkbpanama
prdhtpiohttps,prdhtpiohttps
privinvest,privinvest
robecosam,robecosam
safpsaip,safpsaip
sporthilfe,sporthilfe
swisscycling,swisscycling
swissswimm,swissswimm
tierimrecht,tierimrecht
vfinternational,vfinternational
zumbach,zumbach

